id;cv;telephone;adresse;sexe;photo
1;espérer ouf;0209274489;toutefois;Masculin;de façon que
2;prononcer déjà entre;+33 292367989;infiniment membre de l’équipe responsable;Feminin;brave
3;ouf sous tantôt;0389467236;alors;Masculin;à côté de touriste extatique
4;équipe de recherche considérable;+33 694674993;en decà de;Masculin;circulaire tout à fait porte-parole
5;carrément secours;0633338203;envers à seule fin de aimable;Feminin;tant d’autant que
6;au prix de;+33 314451705;fidèle;Feminin;depuis si boum
7;tic-tac orange;0751745665;réagir groin groin énergique;Masculin;à peu près cocorico
8;autour personnel bang;0501150980;cependant d’autant que membre de l’équipe;Masculin;de peur que
9;immense;0667826425;prestataire de services commis de cuisine infime;Masculin;aussitôt que précisément
10;innombrable malade jeune enfant;+33 146632362;prouver;Masculin;tôt maintenant moderne
