id;titre;description;remuneration;date_publication;affiche
1;embrasser charitable atchoum;surveiller bon;19637.02;2025-08-01T18:22:26;à l'entour de manger
2;dans la mesure où alors;identifier rêver;23029.5;2025-08-01T06:34:15;en face de badaboum spécialiste
3;jamais même hôte;sitôt que hystérique;31575.96;2025-08-01T16:24:10;grandement avant
4;alors que assigner situer;tracer de par;1148.36;2025-08-01T23:33:30;serviable de façon que hé
5;cocorico alors que jeune;sans que trop juriste;528.72;2025-08-01T16:14:57;dès que
6;fonctionnaire infime cadre;boum d'entre un peu;26101.24;2025-08-01T16:45:07;moyennant triangulaire près
7;que;sombre malade là-haut;2049.37;2025-08-01T16:17:55;de sorte que plutôt
8;derechef après que raconter;sans que agréable touriste;3981.54;2025-08-01T23:19:22;snif
9;afin que auprès de vu que;via;10783.26;2025-08-01T20:10:39;groin groin dans
10;vide de crainte que;sauf traîner au dépens de;2833.79;2025-08-01T22:50:29;en guise de délivrer
